[{"display_html":"<span class=\"keyword\">class</span> <a href=\"../base-4.14.1.0/Data-Bifunctor.html#t:Bifunctor\" title=\"Data.Bifunctor\">Bifunctor</a> p =&gt; <a href=\"#t:Assoc\">Assoc</a> p <span class=\"keyword\">where</span><ul class=\"subs\"><li><a href=\"#v:assoc\">assoc</a> :: p (p a b) c -&gt; p a (p b c)</li><li><a href=\"#v:unassoc\">unassoc</a> :: p a (p b c) -&gt; p (p a b) c</li></ul>","name":"Assoc assoc unassoc","module":"Data.Bifunctor.Assoc","link":"Data-Bifunctor-Assoc.html#t:Assoc"},{"display_html":"<span class=\"keyword\">class</span> <a href=\"#t:Swap\">Swap</a> p <span class=\"keyword\">where</span><ul class=\"subs\"><li><a href=\"#v:swap\">swap</a> :: p a b -&gt; p b a</li></ul>","name":"Swap swap","module":"Data.Bifunctor.Swap","link":"Data-Bifunctor-Swap.html#t:Swap"}]